time,netLoad
0,671.0041019
1,641.7672702
2,640.2588354
3,621.7922244
4,646.0778189
5,722.834985
6,891.3455077
7,1011.390005
8,965.5836605
9,851.5715783
10,795.8670089
11,764.7095492
12,696.092971
13,644.4670464
14,670.7464728
15,758.3693685
16,842.290664
17,905.6267516
18,749.2013144
19,831.8364168
20,766.203672
21,828.1370167
22,856.1756339
23,846.2585542
